name,mean_thickness,thick_out,thick_int,thick_equi,area,per_out,per_int,per_env,per_equi
cerebelo_real,3.36717410071942,3.05770374776918,2.70289219982472,4.43741007194245,15420,5043,5705,7630,3475
